,0
0,MaimunahSharif
1,smusyoka
2,yvejr1
3,Winnie_Odinga
4,Salomelugard
5,Olez
6,mohammedhersi
7,AUC_MoussaFaki
8,kenayabei
9,GovOjaamong
10,JubileePartyK
11,edwinsifuna
12,K24Tv
13,CoalitionNASAKe
14,dkmaraga
15,Ma3Route
16,StandardKenya
17,citizentvkenya
18,MutahiNgunyi
19,WilliamsRuto
20,MikeSonko
21,kwskenya
22,NelsonHavi
23,governorkibwana
24,EstherPassaris
25,SenMutula
26,orengo_james
27,RepKarenBass
28,RepChrisSmith
29,RepEliotEngel
30,DavidNdii
31,gathara
32,dailynation
33,amugira
34,BernieSanders
35,kipmurkomen
36,MusaliaMudavadi
37,Safaricom_Care
38,aaronramsey
39,Pontifex_pl
40,Pontifex_ln
41,SkySportsPL
42,Arsenal
43,WorldBankKenya
44,GovernorNanok
45,DennisOnyangoGM
46,Kipaton_
47,SimbaArati
48,IEBCKenya
49,AnyangNyongo
50,Nation_Counties
51,The_EastAfrican
52,Nation_Politics
53,TwitterGov
54,governorkingi
55,salimlone
56,enamara
57,BahatiKenya
58,PaulMMwangi
59,lindahoguttu
60,MohaJichoPevu
61,florence_mutua
62,Metknu
63,RealOmbatiEdwin
64,davidmakali1
65,CarolRadull
66,ClintonFdn
67,AlikoDangote
68,KBonimtetezi
69,TEACHERSinKENYA
70,melindagates
71,PeterMunya
72,DonaldKaberuka
73,gmachage
74,amnestyusa
75,BreakingNewsKE
76,gatesfoundation
77,UNESCO
78,WFP
79,UNHumanRights
80,hrw
81,RwandaGov
82,KipronoKittony
83,CecilyMbarire
84,UNICEF
85,UrugwiroVillage
86,KenyaGovernors
87,ketercharles
88,Pontifex
89,andrewsuleh
90,NBCNews
91,NdunguWainaina
92,BrandKenya
93,Nairobi_News
94,SABINACHEGE
95,washingtonpost
96,cnni
97,TheEconomist
98,KisumuCountyKE
99,nytimes
100,TIME
101,guardian
102,JudiWakhungu
103,VOAAfrica
104,BBCWorld
105,HudumaKenya
106,rsezibera
107,NEPAD_Agency
108,BBCAfrica
109,nduyamuthama
110,TomMboya
111,AUC_DPA
112,jumuiya
113,agnes_zani
114,bkerrow
115,DrMukhisaKituyi
116,_AfricanUnion
117,CarolineMutoko
118,ChelseaClinton
119,WanjikuRevolt
120,GovWOparanya
121,BillClinton
122,UgatuziKenya
123,FirstLadyKenya
124,jmkikwete
125,newvisionwire
126,StateHouseUg
127,AmamaMbabazi
128,SpeakerJBMuturi
129,Kandie_Phyllis
130,EACCKenya
131,KagutaMuseveni
132,SpeakerKLusaka
133,VinicioCerezo
134,JendayiFrazer
135,MikeOkinyi
136,Lupita_Nyongo
137,USAmbKenya
138,SenJanetOngera
139,kabetes
140,JamesOngwae
141,MwangiWaIria
142,PeopleDailyKe
143,NationMediaGrp
144,KofiAnnan
145,KBCChannel1
146,HillaryClinton
147,KenyaAirports
148,Forbes
149,ReutersAfrica
150,NationBreaking
151,AreroWario
152,AumaObama
153,MacOtani
154,FredMatiangi
155,Lit360KE_
156,FLOTUS
157,FLOTUS44
158,LinusKaikai
159,DonaldBKipkorir
160,MyKenyaLaw
161,InteriorKE
162,WillisRaburu
163,ForeignOfficeKE
164,JBoinnet
165,IGkimaiyo
166,AnneWaiguru
167,ImmigrationDept
168,weskorir
169,StateHouseKenya
170,AlexChamwada
171,TheStarKenya
172,EugeneLWamalwa
173,JamesOleKiyiapi
174,EdelmanAfrica
175,USEmbassyKenya
176,tomozeus
177,AmbassadorGreen
178,IRIglobal
179,janengoiri
180,JulieGichuru
181,Peter_Kenneth
182,KoinangeJeff
183,ICJKenya
184,thekhrc
185,MwauraIsaac1
186,pongeweb
187,SmritiVidyarthi
188,MarthaKarua
189,MagufuliJP
190,Smadaeb
191,JunetMohamed
192,MartinOloo
193,LeonLidigu
194,HassanOmarH
195,business
196,ahmednasirlaw
197,Railajunior
198,saidilulu
199,JuliusYegoKE
200,POTUS
201,POTUS44
202,robert_muthomi
203,5__t5
204,bobcollymore
205,Sangodala
206,Wetangulam
207,JDMahama
208,EtalePhilip
209,aliiroba
210,JMakamba
211,silasjakakimba
212,DennisKavisu
213,vos_africa
214,gladyswanga
215,calestous
216,zubeidahkananu
217,LinusGitahi
218,stephenasmith
219,MachariaGaitho
220,eriknjoka
221,MediaCouncilK
222,nimrodtaabu
223,SophiaWanuna
224,CarolNderi
225,EricWainaina
226,lwalubengo
227,EricLatiff
228,ikituri
229,Fchurii
230,brendamulinya
231,SallyMbilu
232,watts2k
233,robinnjogu
234,KirigoNgarua
235,robjillo
236,YvonneKhamati
237,Lesuuda
238,Ben_Kitili
239,FerdyOmondi
240,SakajaJohnson
241,iGaddo
242,xyzshow
243,tunajibu
244,jageyo
245,HassanAliJoho
246,AbabuNamwamba
247,Arch_PMO_Kenya
248,ScottProfessor
249,Onyancha
250,Africa2point0
251,DrAlfredMutua
252,catherinemep
253,KResearcher
254,Mukulaa
255,Noshy_b
256,JeddyAhawo
257,kenya_7s
258,miko75011
259,makaumutua
260,Balozi_Odembo
261,Sakaja
262,VinceChepkwony
263,fokango
264,lisabagga
265,bethelOjoo
266,JoeBiden
267,BillGates
268,MichelleObama
269,InstituteGC
270,David_Cameron
271,Ed_Miliband
272,OfficeGSBrown
273,PresidencyZA
274,NelsonMandela
275,anwaribrahim
276,JEAMInstitute
277,jmueke
278,KideroEvans
279,phil_254
280,TheODMparty
281,skmusyoka
282,MasemeMachuka
283,ay1m
284,MikeObare
285,raila4president
286,GitobuImanyara
287,Mzalendo_001
288,Nyamwanda
289,idrisabdirahman
290,GreenBeltMovmnt
291,NOYAENDFGM
292,CampTinga
293,eucopresident
294,chungwamoja
295,ROC_EA
296,IdaOdinga
297,ogutuokudo
298,PaulKagame
299,KenyaRedCross
300,10over10CTV
301,ShattaTikiTaka
302,bernardndongke
303,mann_shalton
304,PurityMwambia
305,YouTubeTrends
306,KarwirwaLaura
307,Bambikafanpage
308,nduku_mutinda
309,ajplus
310,JulieGichuru
311,Rahel_O
312,TrevorOmbija
313,KHALIGRAPH
314,RabbitTheKing
315,JBonyo
316,Kambua
317,swalehmdoe
318,Kiss100kenya
319,MakeItKenya
320,VickyRubadiri
321,ADELLEO
322,RealBrianOkoth
323,nimrodtaabu
324,RashidAbdalla
325,MKapombe
326,JamilaMohamed
327,YvonneOkwara
328,ephymwangi
329,Kenthadj
330,inoorotv
331,jageyo
332,LinusKaikai
333,MigunaMiguna
334,patrickigunzah
335,JalangoMwenyewe
336,TheStarKenya
337,ntvkenya
338,Restreamio
339,Ademdiz
340,JBoinnet
341,samogina
342,viusasa
343,MikeOkinyi
344,andymburu
345,HassanOmarH
346,RogaRogaCTV
347,fredomachoka
348,CoalitionNASAKe
349,wmnjoya
350,thekhrc
351,JoyceOmondi
352,timelessnoel1
353,holydave
354,djggactivist
355,GoogleNewsInit
356,Mwanikih
357,EnidMoraa
358,ekisiangani
359,SamGituku
360,mikeyk
361,KanzeDena
362,GeoPoll
363,TwitterVideo
364,MikeSonko
365,hassanmugambi
366,skmusyoka
367,Matthewsmutai
368,JacquesMasea
369,PeopleDailyKe
370,Tony_di_
371,KoinangeJeff
372,olympicchannel
373,GoogleTrends
374,KenyaRailways_
375,SaidaSwaleh
376,DiazChrisAfrica
377,USEmbassyKenya
378,wfayzah
379,Fchurii
380,CKKinuthia
381,Eric_Ndubi
382,PeterOpondo
383,OneLoveCTV
384,talliaoyando
385,KeEquityBank
386,Mawathe
387,MumbiWarui
388,JubileePartyK
389,shisia_wasilwa
390,AnnabelOnyango
391,ngunjiriwambugu
392,Ramtu
393,Olympics
394,Joey_Muthengi
395,Fredindimuli
396,LabosoJoyce
397,OfficialJMbugua
398,UduakAmimo
399,Wilki_Nyabwa
400,SalimSwaleh001
401,HusseinMohamedg
402,WaihigaMwaura
403,NJENGAMIKE
404,MercyKandie
405,WorldRugby7s
406,TwitterTV
407,ytcreators
408,davidmakali1
409,LuluHassan
410,NRMOnline
411,IEBCKenya
412,ccotewa
413,edailykenya
414,EugeneLWamalwa
415,KirigoNgarua
416,EstherKahumbi
417,EvelynWambui
418,lillian_muli
419,JudiWakhungu
420,ForeignOfficeKE
421,FredMatiangi
422,HKRotich
423,minwater_kenya
424,Kandie_Phyllis
425,AreroWario
426,IFMISKenya
427,KenyaPower
428,KenyaPower_Care
429,NPSC_KE
430,IndustryKE
431,simplymeasured
432,KerryAlexandra
433,Ythera_mwangi
434,FinancialTimes
435,CocaColaAfrica
436,RobertAlai
437,NPSOfficial_KE
438,KenyaGovernors
439,XHNews
440,Chamgeifm1
441,KBCChannel1
442,CarolineMutoko
443,SulweFM
444,HELBpage
445,inooroke
446,ChelseaFC
447,Arsenal
448,Futaacom
449,ManUtd
450,Tuko_co_ke
451,Reuters
452,TheOfficialKPL
453,OfficialGMFC
454,SDEKenya
455,POTUS
456,POTUS44
457,MusyiFM
458,BBCSport
459,Lupita_Nyongo
460,SkySportsNews
461,ChampionsLeague
462,premierleague
463,KideroEvans
464,jmkikwete
465,PaulKagame
466,sautisol
467,News24
468,SkySports
469,SuperSportTV
470,NBA
471,bonifacemwangi
472,SkyNews
473,SkyNewsBreak
474,SuperSportBlitz
475,muugafm
476,instagram
477,K24Tv
478,Diamond_League
479,FirstLadyKenya
480,LondonMarathon
481,MsetoEA
482,RadioCitizenFM
483,NDOCKenya
484,kdfinfo
485,AnneKiguta
486,shambashapeup
487,InuaDada
488,ImmigrationDept
489,PoliceKE
490,OleItumbi
491,AnneWaiguru
492,DrAlfredMutua
493,InteriorKE
494,somaconnectltd
495,WilliamsRuto
496,StateHouseKenya
497,EMS_Kenya
498,Pontifex
499,MarthaKarua
500,CNN
501,BBCNorthAmerica
502,Faridakaroney
503,BarackObama
504,YouTube
505,Hot_96Kenya
506,mzaziwillytuva
507,MwalimChurchill
508,RailaOdinga
509,WillisRaburu
510,Power_Breakfast
511,KenyaRedCross
512,SafaricomPLC
513,FIFAcom
514,CNBC
515,BBCWorld
516,BBCBreaking
517,camanpour
518,larrykcolumn
519,CharityWaweru
520,aminarabar
521,sampaonayioma
522,RuthSarmwei
523,NginaKirori
524,USEmbassyKenya
525,ida_mumeita
526,Your_WorldNTV
527,_George_Maina
528,HonHMAndako
529,gacau_joseph
530,bugufatuma
531,GermanyinKenya
532,EstherPassaris
533,lindahoguttu
534,kenyanpundit
535,wgkantai
536,Asmali77
537,IanMbugua
538,Rnagila
539,PaulKagame
540,KagutaMuseveni
541,ntvkenya_live
542,Warungu
543,sean_cardo
544,topstoryafrica
545,nytimes
546,AfUncensored
547,GeorgeAchoka
548,SupportRequests
549,EliudKipchoge
550,INEOS159
551,KeEquityBank
552,DjNruff
553,NTVOneVoice
554,MohaJichoPevu
555,NtvJamdown
556,KBonimtetezi
557,_BillOtieno
558,DrRoselynAkombe
559,SpokespersonGoK
560,TheODMparty
561,xyzshow
562,K24Tv
563,KBCChannel1
564,CapitalFMKenya
565,citizentvkenya
566,NationFMKe
567,Football_Kenya
568,harambee__stars
569,CAF_Online
570,AFPAfrica
571,TheCitizenTZ
572,KenyaAirports
573,ImmigrationDept
574,APSKenya
575,pishi254
576,HereNowke
577,WHO
578,kusiafrica
579,RwandaToday
580,HealthdiaryNTV
581,TracyWanjiru_
582,TeenRepublik
583,WickedEdition
584,EmmanuelJuma1
585,VictorKiprop_
586,NyabolaEdmond
587,MafundiTv
588,kennethkiborrut
589,RandomLaibon
590,skmusyoka
591,MutahiNgunyi
592,GraceMsalame
593,UnscriptedNTV
594,rgichira
595,DCI_Kenya
596,lillianKiarie
597,AmbokoJH
598,hellenaura1
599,angieoketch
600,Owaahh
601,MeteoKenya
602,KenyaEditors
603,matthewshahi
604,paulwaf
605,MissMainah
606,Wanja_Mbuthia
607,NasiboKabale
608,kusiafrica
609,IG_NPS
610,MbuthiaAmina
611,ndula_victor
612,SunnyLikeNjeri
613,iMisikoh
614,kanwar321
615,rcnmg
616,pishi254
617,Ms_Seleon
618,IPOA_KE
619,EACCKenya
620,APSKenya
621,DCI_Kenya
622,PatoSuge
623,mulonzijoel
624,MacOtani
625,nationmsa
626,elvissaningo
627,MikeOwuor
628,IEBCKenya
629,TheEllenShow
630,CarlosMureithi
631,dennis_mwe
632,TwitterVideo
633,dkmaraga
634,NMGLeadersForum
635,DaveOpiyo
636,MyNetworkKE
637,nation_blogs
638,NationCounty
639,hilarykimuyu
640,MaureenKakah
641,tichophil
642,DNHealthyNation
643,JackyHabib
644,Sang_254
645,stellacherono
646,jere_kiplangat
647,WanyonyiTim
648,pamela_asigi
649,gachunga_esther
650,LolaniKaluNTV
651,LabanCliff
652,FaithNyamai
653,sylvaniaambani
654,IlwadElman
655,johnKamau1
656,muthonithangwa
657,MKaigwa
658,sellyamutabi
659,KNBStats
660,MOH_Kenya
661,qataharraymond
662,MauriceMugisha
663,Snduhukire
664,KenyaPower
665,JWalu
666,Rware001
667,nairobitoday47
668,NPSOfficial_KE
669,2016Stepbystep
670,CMachoka
671,kdfinfo
672,menyawalter
673,Top100SME
674,njorogep
675,FaithOneya
676,HassanAliJoho
677,AKU_GSMC
678,SeedsOfGoldTV
679,BettyObwocha
680,Uwitware
681,igahKE
682,bikozulu
683,MizMuli
684,RwandaToday
685,FredMatiangi
686,kikiphilipo
687,KenyaAirports
688,ImmigrationDept
689,ngarius
690,Ma3Route
691,MagufuliJP
692,Kalinaki
693,TheCitizenTZ
694,DorothyOtieno
695,CBKKenya
696,LarryMadowo
697,iStatsKE
698,Caleb_Ndiku
699,UNEP
700,JuliusYegoKE
701,UN
702,Tonymakokha
703,JBoinnet
704,Simmoa
705,ejcs
706,SPIRITOFKENYA
707,KenyaAirways
708,PamSittoni
709,Goldman44
710,WhiteHouse
711,ObamaWhiteHouse
712,PeteSouza44
713,nkemifejika
714,Kipngetichjk
715,FirstLadyKenya
716,JudiWakhungu
717,RailaOdinga
718,MEsipisu
719,mutuma_mathiu
720,fidakenya
721,TICAH_KE
722,ReutersAfrica
723,BBCAfrica
724,AFPphoto
725,AFP
726,AFPAfrica
727,jagunda
728,WilliamsRuto
729,ODPP_KE
730,HerboTawa
731,CapitalFMKenya
732,StandardKenya
733,StateHouseKenya
734,citizentvkenya
735,vcuonbi
736,lizmarami
737,Sharon_Baranga
738,pmarca
739,Bima247
740,phyascomusic
741,BernardMwinzi
742,OmondiSteve
743,KimanthiKen
744,kamaukariuki_
745,VerahOkeyo
746,tmshindi
747,AKF_Global
748,AKFCanada
749,LHSummers
750,StJohnKenya
751,betrand
752,MediaCouncilK
753,MarthaKarua
754,TheIsmaili
755,ReshmaAzizKhan
756,akdn
757,MaryanneGicobi
758,johnmoshworld
759,SmritiVidyarthi
760,SheilaSendeyo
761,enocksikolia
762,ZeynWandati
763,mutanuberna
764,JaphMutinda
765,miss_muk
766,EvelyneMusambi
767,DPPS_KE
768,theTrendLive
769,Linuscheru
770,steven_otieno
771,B_Ajurik
772,iseroney
773,cellie_beckie
774,KenKiberenge
775,carwafs
776,ForeignOfficeKE
777,Safaricom_Care
778,bobcollymore
779,Peter_Kenneth
780,AMB_A_Mohammed
781,WMutunga
782,jacqy_oh
783,emcleans
784,USEmbassyKenya
785,Taifa_Leo
786,KeiMutegi
787,EABS2014
788,MbuguaNganga
789,YvonneMaingey
790,seedsgold
791,TendersNation
792,eavoices
793,VineCreators
794,instagram
795,Eunicekkilonzo
796,UNHCR_Kenya
797,janengoiri
798,SitumaEvelyn
799,VickyRubadiri
800,mwendanjoka
801,dianangila
802,mwalimuandrew
803,NationFMKe
804,DiasporaNotes
805,bantigito
806,MarkMasai
807,Nairobi_News
808,PoliceKE
809,NationBreaking
810,agmutambo
811,NDOCKenya
812,InteriorKE
813,muthokimumo
814,NsokoDeals
815,nsokomotors
816,AMLiveNTV
817,NTVnewsroom
818,JohnNgirachu
819,TheSmartCompany
820,NationLifeStyle
821,NationMediaGrp
822,thembavault
823,pmayoyo
824,LillianOnyango
825,NsokoProperties
826,kollonabiswa
827,BreakingNews
828,Nation_Politics
829,Nation_Sport
830,nationhandpick
831,LinusGitahi
832,KenyaRedCross
833,DN_Football
834,Swahilihub
835,sunnysunwords
836,nsokojobs
837,otienoc
838,cobbo3
839,JamilaMohamed
840,MachariaGaitho
841,EmmanuelJuma1
842,Wkangaru
843,pauljuma
844,isituma
845,AllanOdhiambo
846,watts2k
847,mugumomunene
848,EliasMakori
849,jmutinda
850,Benjaminouma
851,Mwanikih
852,MwananchiNews
853,DailyMonitor
854,The_EastAfrican
855,BD_Africa
856,ntvuganda
857,Lit360KE_
858,africareview
859,zuqka
860,ntvkenya
861,Echecrates
862,abc13houston
863,HoustonChron
864,KHOU
865,KPRC2
866,Fredros_Inc
867,APStylebook
868,HayesBrown
869,mkjboise1
870,aoteh
871,DoualyX
872,omrgriffiths
873,JoeBiden
874,RaviReports
875,jnmulholland
876,NickPacilio
877,TaylorLorenz
878,jamesmontgomery
879,mamblackwell
880,mediahqnews
881,tobykeith
882,usainbolt
883,CBSNews
884,BigSquareKE
885,ziggymarley
886,bobmarley
887,sylmulinge
888,DeWangira
889,rukiyacochu
890,ava
891,HManyora
892,SimonCowell
893,SalSaeema
894,Carrie_973
895,kuidaniel2008
896,SoniMwangi
897,maasaijr
898,veranvee
899,WanjaNjubi
900,NgigiGerald
901,CelinaWakati
902,KJeremiahN
903,robreiner
904,OmarJimenez
905,ThaboMbeki1
906,EneDajom
907,alphajirim
908,cnnbrk
909,washingtonpost
910,CNN
911,nypost
912,SteveLetoo
913,CSISAfrica
914,Nikhil_Hira
915,AlhajiAnders
916,Zain_Verjee
917,aguribfakim
918,shukri_churicha
919,StephenCurry30
920,KDTrey5
921,KingJames
922,SportsCenter
923,nflnetwork
924,ESPNNFL
925,NFLonFOX
926,FOXSports
927,NBCSports
928,NFL
929,SNFonNBC
930,MaazaMengiste
931,JessyTheMC
932,CocoJahSeed
933,IAMRAPCHA
934,CarolRadull
935,GearboxKE
936,YvonneOkwara
937,Bobophotography
938,blakeshelton
939,babyhippos
940,zacbrownband
941,dariusrucker
942,lewa_wildlife
943,NRT_Kenya
944,TheTimMcGraw
945,carrieunderwood
946,trishayearwood
947,kennychesney
948,garthbrooks
949,OfficialJackson
950,GeorgeStrait
951,kanebrown
952,indiricafest
953,USAfricaCommand
954,awmwicigimuya
955,Jkamosa1
956,governorkingi
957,JaneMarriottUK
958,RabbitTheKing
959,ThrottleAdv_ke
960,Iamchrismartin
961,vjace_kenya
962,FRANCE24
963,CGTNOfficial
964,cgtnamerica
965,cgtnafrica
966,jdrizzy254
967,OkeloJavan
968,lmWillSmith
969,willsmith2010
970,Winterss100
971,BenedictSorie
972,CiruKoinangech
973,PamelaFalk
974,Springboks
975,zittokabwe
976,paulinenjoroge
977,nimrodtaabu
978,macoticollo
979,SpellcastMedia
980,M_Farmaajo
981,MB_Museum
982,NNRunningTeam
983,INEOS159
984,alumni_saints
985,JoshuaJerry
986,MugasiaDarrius
987,jeremyomosh
988,gc_chebet
989,journalism_talk
990,abdinoormahdi
991,TrevorOmbija
992,MAKIBABOND
993,humphreyndegwa
994,PriscillaNgethe
995,Ramtu
996,uncofranco
997,sergeibaka
998,pwanyama
999,CyrilRamaphosa
1000,NAkufoAddo
1001,GeorgeWeahOff
1002,EllyanneCGithae
1003,uzisvert95
1004,StareheGirls
1005,Starehe_Boys
1006,lp_fragoso
1007,omumpo
1008,Joekiash
1009,BillKasandas
1010,JayRuderman
1011,ThomasPinkUSA
1012,njogunjoroge1
1013,whincie
1014,KaizerObed
1015,TigerWoods
1016,dobura
1017,istockhistory
1018,mojomorgan
1019,steven_nyabwa
1020,BuzekiKiprop
1021,mjmastromarino
1022,motivationlady5
1023,ZachBoychuk
1024,Kinyambi1960
1025,Mimmy_Khamis
1026,petertabichi
1027,daktari1
1028,ehdande
1029,VikasPota
1030,KenyaAirports
1031,EzekielMutugiVI
1032,BradPaisley
1033,khadijaThamani
1034,Thamanitravel
1035,ThamaniConcierg
1036,RandomLaibon
1037,James_ceo
1038,USAIDKenya
1039,NairobiHorns
1040,_nat_en
1041,wandungti
1042,KinuthiaNjenga1
1043,Kenyans
1044,RobertoTrey3
1045,JaneMugun
1046,SamsungMobileKE
1047,BobGodec
1048,MASKCreativity
1049,Alex_Mwakideu
1050,iborganization
1051,MIRKO_ZOG
1052,andrewsuleh
1053,MercedesAMG
1054,PolicyCenterNS
1055,DjPinye
1056,Ashleyfurn_KE
1057,rufsure
1058,Cliffmosesoch
1059,ledamalekina
1060,lizmarami
1061,regmengi
1062,ngungunyana
1063,RichardMunang
1064,BarasaFernandes
1065,storyzakapedo
1066,HQNigerianArmy
1067,SafaricomPLC
1068,Kelsye
1069,CalNBC
1070,allafrica
1071,HEBobiwine
1072,MigunaMiguna
1073,SABINACHEGE
1074,HonTimWanyonyi
1075,PeshKenya
1076,Natalie_Brown
1077,MikoszSebastian
1078,TukuOfficial
1079,ruther2011
1080,Paulondeng
1081,CourtA
1082,bukolasaraki
1083,RaoufMazou
1084,EliudKipchoge
1085,rajshah
1086,VanJones68
1087,katiecouric
1088,monicakiragu_
1089,Ajua_Africa
1090,NgurugweJohn
1091,gathara
1092,AmaniGracious
1093,Waiganjo01
1094,AliceMwaisaka
1095,TheAGRF
1096,HamoProf
1097,Sleepykenya
1098,mgnderits
1099,IshaSesay
1100,CeoGudlyf
1101,ChefKiranJethwa
1102,DrNjorogeJoseph
1103,OnThisDayNYT
1104,Kerichjoseah
1105,johnhall
1106,GatesAfrica
1107,EManyikah
1108,ManyikahPR
1109,OtoyoCaptain
1110,lukecombs
1111,Asaaska
1112,Omtankisot
1113,ytpr
1114,AdrianTweetSki
1115,addynamo
1116,MaramaniPlans
1117,TheEllenShow
1118,Kamau2play
1119,YvonneNdege
1120,bisyommedia
1121,vchampain
1122,KiliMumsAndDads
1123,realFemiOtedola
1124,PeabodyAwards
1125,hassanmugambi
1126,AwaDesigner
1127,ChairladyNCTC
1128,kisumukhan
1129,isabelaangola
1130,e_faal
1131,JosephineFaal
1132,irenedsb
1133,njoroge_ashley
1134,BabaGrumpy
1135,AntonioParis
1136,itssoulo
1137,JChameleone
1138,MbarawaM
1139,EdmEternal
1140,kathuGitau
1141,Aumabella
1142,cleoh_da
1143,FaisalKassim52
1144,JosephineKulea
1145,Daimler
1146,ElvisNyaruri
1147,OAmollo
1148,SerenaChaudhry
1149,LuisaFragoso2
1150,suchitra_durai
1151,LDFragoso
1152,MartoMoja
1153,Itsmzchampagne
1154,IndiainKenya
1155,SohOjiambo
1156,joy_mboya
1157,EdaraBabyG
1158,theblackpanther
1159,McDonalds
1160,HavilaResort
1161,KarungoThangwa
1162,kenmwaralimerix
1163,EzekielMutua
1164,MazeSafari
1165,UN_JWFOWLER
1166,ValerieAmos
1167,DanielOwoko
1168,oakleighwatches
1169,ValePro_fficial
1170,UNCTAD
1171,CountryRoads_Ke
1172,2PAC
1173,PaulSimonMusic
1174,MaryLuseka
1175,StanleyMasila
1176,SandaOjiambo
1177,MKJacquie
1178,Shalom_Center
1179,gustavokingpin
1180,EstherKoimett
1181,cnskenya
1182,ByronOdera
1183,PrisonsKe
1184,KNUNOFFICIAL
1185,nnakenya
1186,Kenya_PNA
1187,Donrico77
1188,MOH_Kenya
1189,Alex_OxChambo
1190,IanWright0
1191,MuvunyiF
1192,LauraMiti
1193,ComfortMussa
1194,WereOnyino
1195,UncleBonn_Ke
1196,MOnyiego
1197,semabox
1198,jay423k
1199,HManyora
1200,RestlessDev
1201,KNBTSOfficial
1202,angiyo58
1203,ResistBureau
1204,aldenr
1205,shailjapatel
1206,aprzhu
1207,kedolwa_waziri
1208,Unitedstimu
1209,ImpactCapEA
1210,elillykiya
1211,Shikoohz
1212,JijiBuzz
1213,TeamJashoKE
1214,charliekarumi
1215,perisdec
1216,whitney_muhadi
1217,gatuaaa
1218,WakiniMims
1219,sheila_munyiva
1220,debunkdotmedia
1221,WesleyTheeDj
1222,kaytrixx
1223,KICDKenya
1224,MyGovKe
1225,JessRPosner
1226,emmanuelkimtai8
1227,AngelaNgendo
1228,Kaiten1978
1229,GaryChambersJr
1230,Marthinolly
1231,PicsPerfectly
1232,oxfaminKE
1233,SundayMemba
1234,NdindiNyoro
1235,MillicentOmanga
1236,louisedonovan_
1237,susankihika
1238,SuudM
1239,gaganbiyani
1240,abdinoormahdi
1241,naturaljustice
1242,HousingUrbanKE
1243,PriyamvadaGopal
1244,CrisisGroup
1245,PSCharlesHinga
1246,OmbetaC
1247,hakizako
1248,DavidOlusoga
1249,meronina
1250,kimlatricejones
1251,YvonneOrji
1252,NMS_Kenya
1253,SafeBoda_Kenya
1254,vanessa_vash
1255,Pawa254
1256,ActionAid_Kenya
1257,TutuFellows
1258,AdebayOkeowo
1259,CraftsRift
1260,OfficialMLK3
1261,AfricanGr
1262,GrandonKibet
1263,nickeperry
1264,RealBillDuke
1265,irenecnwoye
1266,AmyMorenoNews
1267,AJIunit
1268,GeorgeOkothObbo
1269,AmbGamal
1270,RobynDixon__
1271,nhannahjones
1272,Nnauye_Nape
1273,VICTORIA_KIMANI
1274,bbcBola
1275,cameramensch
1276,DeniseSiele
1277,KenichiSerino
1278,baryamureeba
1279,andraydomise
1280,Sitoyo
1281,sylmulinge
1282,nyamadon
1283,Amref_Kenya
1284,OmarJimenez
1285,LabourSPKE
1286,KeTreasury
1287,AzziadNasenya
1288,EzekielMutuaPhD
1289,Nadine_Writes
1290,okellodollah
1291,WalterVictor_
1292,KNCHRLaikipia
1293,MbiririM
1294,AOC
1295,BernieSanders
1296,staceyabrams
1297,JoeBiden
1298,AineaOjiambo
1299,YKENYA5
1300,kambikadzitu
1301,NadimNashif
1302,Lewanjoski
1303,bilkisulabaran
1304,RickiLake
1305,KRACorporate
1306,pennymitv
1307,vlad_hernandez_
1308,AusHCKenya
1309,laktarr001
1310,BankyW
1311,Media_Focus
1312,EJNetwork
1313,annalandre
1314,Burke4Senate
1315,dlknowles
1316,eddiendopu
1317,ndukoomatigere
1318,Mart_ru
1319,munyakanjiru
1320,farahm29
1321,ChelseaClinton
1322,CGIU
1323,jessicafarber8
1324,nahsh_ochi
1325,wairimugitau8
1326,thichnhathanh
1327,WediFarms
1328,SeruyaFarm
1329,shikshaarora_
1330,brhodes
1331,AshaMohammed_
1332,ICHA_Intl
1333,IrshadIdris
1334,Benttrends
1335,jonfavs
1336,TomBwana
1337,fredrickmwaura
1338,DamarisIrunguO
1339,BAJItweet
1340,suhayllo
1341,kamimukindia
1342,zakimwenda
1343,Waambui
1344,PrefabAfrica
1345,benchitunga
1346,Eng_Gadaphy
1347,real_damsa
1348,AsegoC
1349,NUSOJofficial
1350,RibaNaRieng
1351,emcleans
1352,EMS_Kenya
1353,NelsonHavi
1354,WanjiruMulei
1355,wamuyunkariuki
1356,missnguru
1357,namshine
1358,kenyajade
1359,Mercynicky_
1360,kuirab
1361,ahmednasirlaw
1362,TheGithuraian
1363,SuleimanShahbal
1364,fbhutto
1365,mollycrabapple
1366,gradydoctor
1367,EnCTalent
1368,HMwongela
1369,MbasuBen
1370,SpokespersonGoK
1371,FelixMusyoka_
1372,sam_skmuchina
1373,Guevara_KE
1374,Wanjiku_JoyceM
1375,AfricaTazama
1376,RealHauleGluck
1377,swilkinsonbc
1378,KipronoKittony
1379,kirigwi
1380,NadiahZuur
1381,SafeSpace254
1382,Chelzcherry
1383,jamesjwan
1384,RosiAvento
1385,aomenya
1386,abdirizakwarsam
1387,XivTroy
1388,berniehollywood
1389,johnnjenga
1390,VusiThembekwayo
1391,bujubanton
1392,WHOAFRO
1393,AminaJMohammed
1394,UkomboziLibrary
1395,surambaya
1396,Pato_Ateng
1397,JoelSsenyonyi
1398,andylokong
1399,flaqo411
1400,milaaungthwin
1401,DalbergTweet
1402,James_I_Mwangi
1403,Miss_LIRA
1404,AndreiDolezal
1405,wordwitharamide
1406,POVdocs
1407,HonAdenDuale
1408,djayslim
1409,StefSimanowitz
1410,ekwapics
1411,HalimaGikandi
1412,Warungu
1413,sundancefest
1414,DaveDuarte
1415,LaBeautyologist
1416,WANTMofficial
1417,BerthaFN
1418,hotdocs
1419,treeshake
1420,skmusyoka
1421,t0nit0ne
1422,ASRomaSwahili
1423,wambuijl
1424,hysperbole
1425,wanjirukihusa
1426,nitabhalla
1427,BodaAssnofKenya
1428,ItsKimosopJr
1429,GikonyoCiru
1430,BillyMijungu
1431,DrRoselynAkombe
1432,Javan_thepoet
1433,IJMKenya
1434,FRESHSpeakers
1435,davidgoggins
1436,GIVENALITY
1437,DenzelWashngton
1438,940airtickets
1439,PatelMteteziKE
1440,Turnup_Travel
1441,MuthuriKinyamu
1442,thechelanga
1443,NjengaDennis
1444,RabbitTheKing
1445,bflowmusic
1446,JulianiKenya
1447,cmindspace
1448,joe_human_
1449,josephkivuva
1450,mohamed_hambe
1451,om
1452,karaswisher
1453,ToastmastersEA
1454,softiethefilm
1455,xoladyfatou
1456,auyouthenvoy_
1457,aya_chebbi
1458,TriggaSoPopular
1459,troopergalKAT
1460,KojoAbroba
1461,JacksonObare2
1462,karamagi_andrew
1463,EastleighBuzz
1464,MajiHailemariam
1465,Lyna_Sarapai
1466,michaelharriot
1467,Wevyn
1468,khalidramirez
1469,HakeemAndrsn
1470,SalmaHemed7
1471,ZainabuZeddy
1472,MainaKaibere
1473,47KNY
1474,SwvlKenya
1475,SwissAmbUSA
1476,OwuorMichael
1477,KlaireBrandBoss
1478,OchiengPatrick
1479,aljackson
1480,Unseen_Archive
1481,5thestateKE
1482,FirstLadyKenya
1483,CarolineMutoko
1484,Emma999Too
1485,fmgambi
1486,JunetMohamed
1487,NziokaWaita
1488,orengo_james
1489,StateHouseKenya
1490,cobbo3
1491,RailaOdinga
1492,TheSocialHseNrb
1493,Deejayjuan
1494,MeteoKenya
1495,aminarabar
1496,KaimaMwiti
1497,xeniamanasseh
1498,MuthuriKinyamu
1499,KaluhisKitchen
1500,Turnup_Travel
1501,VipingoLtd
1502,VictorWanyama
1503,ADELLEO
1504,StudioTisaKE
1505,poiZonivytheDJ
1506,RealAstar
1507,KNH_hospital
1508,djhypnotiqkenya
1509,LittleRideKE
1510,TerryNzau
1511,VoiceOfEMAK
1512,KEMRI_Kenya
1513,JuneGachui
1514,Edygrim
1515,KenyaAirways
1516,otienoc
1517,itsnadiafavre
1518,WehliyeMohamed
1519,Brianmbunde
1520,Femi_One
1521,DTDobieKE
1522,KenyaOpenGolf
1523,TelkomKenya
1524,CA_Kenya
1525,AjiraDigital
1526,MoICTKenya
1527,ICTAuthorityKE
1528,AbsaKenya
1529,wawiranjiru
1530,kdfinfo
1531,OlympicsKe
1532,pauludoto
1533,MukiteAM
1534,theBAL
1535,MoiGideon
1536,ric_hype
1537,Crimson_MM
1538,Mollage_
1539,StanChartKE
1540,TheFFAfrica
1541,MyDawaApp
1542,alykhansatchu
1543,FareedKhimani
1544,WyreDaLoveChild
1545,CPJAfrica
1546,YvonneOkwara
1547,chris_kaiga
1548,thebomanairobi
1549,MajiMagicAP
1550,Chemutaisage
1551,KeNHAKenya
1552,KenyaLadiesOpen
1553,VipingoRidge
1554,Dabliu_Em
1555,ItsBuddhaBlaze
1556,PhilipOgola
1557,davidmuriithi
1558,PiusMuchiri
1559,nviiribeybi
1560,Bensoulmusic
1561,sautisol
1562,anyikowoko
1563,bonifacemwangi
1564,Innocent_Bernd
1565,delathedelz
1566,LaylaLestrange
1567,swambi
1568,SerahKatusia
1569,officialxtatic
1570,HiltonNairobi
1571,SpokespersonGoK
1572,PoliceKE
1573,EliudKipchoge
1574,MiadiAfrica
1575,juacaliGenge
1576,KAYVOKFORCE
1577,NPSOfficial_KE
1578,FredMatiangi
1579,KuisanMacharia
1580,VillaRosaKempin
1581,Boltapp_ke
1582,scarlettyne
1583,njerimaina
1584,SirAlexas
1585,KCBGroup
1586,StateHouseKenya
1587,AKenyanGirl
1588,djroudge
1589,RabbitTheKing
1590,AnjleeGadhvi
1591,SharonAllela
1592,EAukot
1593,BritamEA
1594,gina_din
1595,LGE_EastAfrica
1596,UnKenya
1597,OfficialKRU
1598,smusyoka
1599,nadia_mukami
1600,ZetechUni
1601,Eveminet_Ke
1602,jemimah_mueni
1603,Amara_SkinCare
1604,WakayaKE
1605,sinapisgroup
1606,JulieOwino
1607,NziokaWaita
1608,EatOutKenya
1609,letsbonga
1610,MeetAndJazz
1611,USAmbKenya
1612,SylviaKasanga
1613,asinei_g
1614,ChineseEmbKenya
1615,AMB_A_Mohammed
1616,G_Mbugua1
1617,IsuzuKenya
1618,MotownInNairobi
1619,ChiromoMentalHH
1620,thaatNeville
1621,ms_mabila
1622,VinieO
1623,ItsGraceNjeri
1624,UBA_KE
1625,CahootsPub
1626,VillageMarket
1627,DJLITHIUM254
1628,olobulu
1629,MworiaJ
1630,CSDefence_Kenya
1631,ImpalaSaracens
1632,KanzeDena
1633,Selassie14
1634,concours_kenya
1635,djschwaz
1636,anyikopr
1637,EACCKenya
1638,TingaMusical
1639,babzinioz
1640,envato
1641,kcbkarenmasters
1642,TechAvenue984
1643,iamdigitalchef
1644,njokiee
1645,dj_rasluigi
1646,OfficialGMFC
1647,samdablew
1648,TheHeat984
1649,AyegaDavis
1650,MovenpickNRB
1651,FoxFilmGroup
1652,FoxGroup
1653,KNBTSOfficial
1654,thesingletonke
1655,StrathU
1656,jeffokindo
1657,muturi_s
1658,kenmacharia
1659,ICRC_Africa
1660,Batakenya
1661,Fena_menal
1662,marymuriga
1663,ntsa_kenya
1664,ItsAnneMwaura
1665,TracyWanjiru_
1666,jokisila
1667,EicInfo
1668,MohammedHY
1669,MediaCouncilK
1670,BLAZEKenya
1671,ncbacare
1672,ChairladyNCTC
1673,Maqbuli
1674,Karekagambi
1675,wildlifedirect
1676,NSE_PLC
1677,cedricgitura
1678,RadioandWeasel
1679,vivoenergykenya
1680,TwoRivers_KE
1681,johnallannamu
1682,SoulForReal1
1683,MOLHUD_Kenya
1684,C_Kiarie
1685,ImmigrationDept
1686,SMWNairobi
1687,magicalkenya
1688,Min_TourismKE
1689,TourismFund
1690,CountryRoad984
1691,Mafikizolo_Afri
1692,IJM
1693,ojwangjoe
1694,Safiri_SA
1695,TwitterVideo
1696,K24Tv
1697,MOH_Kenya
1698,JChameleone
1699,dannishodongo
1700,directionman
1701,tunajibu
1702,_MSOF
1703,KuiKabala
1704,CarolineMutoko
1705,TheWorldGroove
1706,OfficialAliKiba
1707,ForeverMoe_
1708,GlenfiddichSMW
1709,UKinKenya
1710,CBKKenya
1711,somaconnectltd
1712,VICE
1713,SimaloiMensa
1714,DeejayTumz
1715,MiCasaMusic
1716,AFCLeopards
1717,ItaliaMasiero
1718,bindi
1719,KangetheNjoroge
1720,mianomuchiri
1721,nyakionakio
1722,InteriorKE
1723,marcusolang
1724,PDUDelivery
1725,IREXintl
1726,WashFellowship
1727,Maggienjugunah
1728,Rhino_Charge
1729,materkenya
1730,CapitalKidsClub
1731,M_njuki
1732,KeEquityBank
1733,francombatha
1734,lindamurithi
1735,MadiniKenya
1736,JWokabi
1737,ListenToSlick
1738,vicokwaro
1739,AfriCF
1740,lindahoguttu
1741,Wdjay
1742,CocaColaAfrica
1743,GunnerPrince
1744,SatMusic_Sports
1745,Shirodee_
1746,MiadiEA
1747,DjStretchKenya
1748,AFPAfrica
1749,ngigimichael
1750,ArcherMishale
1751,MEsipisu
1752,AnitaNderu
1753,MysteriusKenyan
1754,XHNews
1755,DeutscheWelle
1756,NEXUSKE
1757,KorogaFestival
1758,paulinenjoroge
1759,MAS
1760,AFP
1761,FootballSun984
1762,ThisisEss
1763,ChikoLawi
1764,KenyaGovernors
1765,DrAlfredMutua
1766,raidarmax
1767,MissMandii
1768,cnnafricanstart
1769,AP
1770,TheStarKenya
1771,HomemakersEA
1772,KanzeDena
1773,SpokespersonGoK
1774,minwater_sani
1775,njorogep
1776,maina_betty
1777,BaloziYatani
1778,Faridakaroney
1779,CsChelugui
1780,CSDefence_Kenya
1781,CSMargaretKobia
1782,PeterMunya
1783,mucheru
1784,ketercharles
1785,PASU_Kenya
1786,elephantNcenter
1787,TonyElumeluFDN
1788,WiperMovement
1789,BaloziHussein
1790,USChamber
1791,Wetangulam
1792,MusaliaMudavadi
1793,AUC_MoussaFaki
1794,NAssemblyKE
1795,Senate_KE
1796,SpeakerKLusaka
1797,CNN
1798,WHO
1799,UNICEF
1800,UNHumanRights
1801,UN
1802,UN_Women
1803,nhifkenya
1804,NPSOfficial_KE
1805,EzekielMutua
1806,InfoKfcb
1807,PIDGorg
1808,JDMahama
1809,NGRPresident
1810,thenailab
1811,ICTAuthorityKE
1812,Peter_Kenneth
1813,USEmbassyKenya
1814,MarthaKarua
1815,IEBCKenya
1816,CA_Kenya
1817,USAmbKenya
1818,VictorWanyama
1819,namelesskenya
1820,FarahDakhlallah
1821,JamesMacharia_
1822,MikeSonko
1823,AreroWario
1824,KenInvest
1825,Min_TourismKE
1826,EugeneLWamalwa
1827,PaulStatt
1828,SamCMaina
1829,NickThiongo
1830,Kenya_Ports
1831,anthony1ss
1832,Pontifex
1833,benliquidkenya
1834,liquidtelecom
1835,FranceinKenya
1836,NziokaWaita
1837,OfwonoOpondo
1838,JBoinnet
1839,EACCKenya
1840,CICKenya
1841,ODPP_KE
1842,NewsNowUK
1843,AusHCKenya
1844,maathaij
1845,MBuhari
1846,FirstLadyRwanda
1847,SarahKagingo
1848,SpeakerJBMuturi
1849,EricNgeno
1850,EnergyMinK
1851,GKButterfield
1852,ChrisCoons
1853,FlakeforSenate
1854,RepGregoryMeeks
1855,TheSharkDaymond
1856,KBCChannel1
1857,pthigo
1858,vimalafrica
1859,CKirubi
1860,tedkwaka
1861,ndayvid
1862,Gichuru_Muiruri
1863,poweringfreedom
1864,MutahiNgunyi
1865,UNHCR_Kenya
1866,dailyphoto
1867,munyoris
1868,KenyaGovernors
1869,GovKinuthiaM
1870,NakuruCountyGov
1871,TeamUhuru
1872,CFAinstitute
1873,POTUS44
1874,POTUS
1875,einssttein
1876,vkipngeno2015
1877,PhilipHammondUK
1878,roybeyondzero
1879,PithonMuchoki
1880,Emmanueljambo
1881,MarkMasai
1882,Donsarigo
1883,ENERGYKENYA
1884,KenyaVision2030
1885,KenyaAirports
1886,Chiefkariuki
1887,ShaffieWeru
1888,KalekyeMumo
1889,sautisol
1890,HassanAliJoho
1891,AdanMohamedCS
1892,jmueke
1893,skmusyoka
1894,RailaOdinga
1895,KideroEvans
1896,JGecaga
1897,CTurnerFCO
1898,bikozulu
1899,HonAdenDuale
1900,kipmurkomen
1901,PresidenceMali
1902,PeterOpondo
1903,Ramah_Nyang
1904,SmritiVidyarthi
1905,bonifacemwangi
1906,jamessmat
1907,Lit360KE_
1908,KenyaEditors
1909,HusseinMohamedg
1910,SheilaSendeyo
1911,GermanyinKenya
1912,markmosesmaina
1913,HasnainSNoorani
1914,cjkaroney
1915,UwezoFund
1916,Devolution254
1917,HudumaKenya
1918,Babayao254
1919,Githinjinelsong
1920,magicalkenya
1921,narendramodi
1922,tunajibu
1923,CabinetOfficeKE
1924,PoliceKE
1925,DPPS_KE
1926,TheStarKenya
1927,SafaricomPLC
1928,jmkikwete
1929,KagutaMuseveni
1930,bruceodh
1931,CapitalFMKenya
1932,WMutunga
1933,StandardKenya
1934,citizentvkenya
1935,dailynation
1936,ntvkenya
1937,FredMatiangi
1938,wakiihuri
1939,Murithi_Kinyua
1940,Kipngetichjk
1941,SakajaJohnson
1942,GovWOparanya
1943,MediaCouncilK
1944,AnneWaiguru
1945,kdfinfo
1946,mougendi
1947,IamFortunate1
1948,SokoAnalyst
1949,HakiKNCHR
1950,SamsungMobiAfr
1951,EstherKahumbi
1952,bobcollymore
1953,KoinangeJeff
1954,wfayzah
1955,johnallannamu
1956,Fchurii
1957,MohaJichoPevu
1958,DuncanKhaemba
1959,RobertAlai
1960,F_Kimemia
1961,franklinwambugu
1962,ForeignOfficeKE
1963,RitaTinina
1964,IGkimaiyo
1965,NEXUSKE
1966,K24Tv
1967,JaneWaikenda
1968,KenyaRedCross
1969,ImmigrationDept
1970,NDOCKenya
1971,InteriorKE
1972,joelenku
1973,DrAlfredMutua
1974,FirstLadyKenya
1975,OleItumbi
1976,FilmInKenya
1977,NEPADKenya
1978,MEsipisu
1979,mamangilu
1980,JudiWakhungu
1981,JendayiFrazer
1982,AMB_A_Mohammed
1983,PaulKagame
1984,ppskenya
1985,WilliamsRuto
1986,SharletAkinyi
1987,JaIangoMwenyewe
1988,DonaldBKipkorir
1989,MsigwaGerson
1990,TakeleUma
1991,ledamalekina
1992,BillGates
1993,AfricaCDC
1994,SE_Rajoelina
1995,OleItumbi
1996,kipmurkomen
1997,KNH_hospital
1998,BenMulwa
1999,shulerking
2000,HonMoses_Kuria
2001,sylmulinge
2002,NjengaEng
2003,I_am_nduku
2004,IG_NPS
2005,HEBabuOwino
2006,TheMedicaIVideo
2007,TonyGachoka
2008,AbiyAhmedAli
2009,MigunaMiguna
2010,andersen_inger
2011,_maendeleokenya
2012,TheRealJahCure
2013,USAmbKenya
2014,TheRealOJ32
2015,JohnBassanio
2016,dmuchemi
2017,gucci1017
2018,1future
2019,Wale
2020,chrisbrown
2021,RickRoss
2022,Diddy
2023,SnoopDogg
2024,FloydMayweather
2025,XboxP3
2026,DidmusWaBarasa
2027,morganheritage
2028,grampsmorgan
2029,CarolRadull
2030,AkotheeKenya
2031,KURAroads
2032,GovernorNanok
2033,FatumaZarika
2034,Kiptoock
2035,HashimKamau
2036,BmarshallCGTN
2037,AUC31
2038,AmChamKE
2039,AUTradeIndustry
2040,AlibabaGroup
2041,AnyangNyongo
2042,SenatorAbshir
2043,MEsipisu
2044,JoyceMsuya
2045,HassanAliJoho
2046,UNHABITAT
2047,MaimunahSharif
2048,USEmbassyKenya
2049,StateHouseKenya
2050,HonAdenDuale
2051,SahleWorkZewde
2052,BuzekiKiprop
2053,DrMukhisaKituyi
2054,VictorKisob
2055,HannaTetteh
2056,unicnairobi
2057,HEBobiwine
2058,mbuvi_primrose
2059,coldtusker
2060,EtalePhilip
2061,orengo_james
2062,WilliamsRuto
2063,CynthiaNyamai
2064,mamangilu
2065,NairobiWater
